name,latitude,longitude,globalPlusCode,phone,website,beds,address,city,state,notes,mapsAddress
Hospital Alor Gajah,2.3954375,102.2020625,6PJ496W2+5R,06-5562333,http://hag.moh.gov.my,78,"Pejabat Hospital, Hospital Alor Gajah,
Alor Gajah, Melaka,
78000 Alor Gajah,
Melaka",Alor Gajah,Melaka,,"Jalan Paya Datok / Simpang, Kampung Tepat, 78000 Alor Gajah, Melaka"
Hospital Ampang,3.1281875,101.7640625,6PM34QH7+7J,03-42896000,http://hampg.moh.gov.my,422,"Jalan Mewah Utara,
Ampang, Selangor,
68000 Ampang,
Selangor",Ampang,Selangor,,"Hospital Ampang, Jalan Mewah Utara, Taman Pandan Mewah, 68000 Ampang Jaya, Selangor"
Hospital Bahagia Ulu Kinta,4.6755625,101.1506875,6PP3M5G2+67,05-5332333,http://hbuk.moh.gov.my,2200,"Tanjong Rambutan,
Ulu Kinta, Perak,
31250 Ulu Kinta,
Perak",Ulu Kinta,Perak,,"Jalan Besar, 31250 Tanjung Rambutan, Negeri Perak"
Hospital Balik Pulau,5.3501875,100.2331875,6PQ2962M+37,04-8669333,http://jknpenang.moh.gov.my/hbp/,71,"Balik Pulau,
Balik Pulau, Pulau Pinang,
11000 Balik Pulau,
Pulau Pinang",Balik Pulau,Pulau Pinang,,"Jalan Balik Pulau, 11000 Balik Pulau, Pulau Pinang"
Hospital Baling,5.678812499999999,100.9250625,6PQ2MWHG+G2,04-4701333,http://hbaling.moh.gov.my,160,"Jala Hospital,
Baling, Kedah,
09100 Baling,
Kedah",Baling,Kedah,,"Baling, 09100 Baling, Kedah"
Hospital Banting,2.8028125,101.4938125,6PJ3RF3V+4G,03-31871333,,153,"Jalan Sultan Alam Shah,
Banting, Selangor,
42700 Banting,
Selangor",Banting,Selangor,,"Jalan Sultan Alam Shah, 42700 Banting, Selangor"
Hospital Batu Gajah,4.4794375,101.0350625,6PP3F2HP+Q2,05-3663333,http://hbgjh.moh.gov.my,160,"Jalan Changkat,
Batu Gajah, Perak,
31000 Batu Gajah,
Perak",Batu Gajah,Perak,,"Hospital Batu Gajah Jalan Changkat Batu Gajah, Jalan Hospital, Batu Gajah, Negeri Perak"
Hospital Bau,1.4295625,110.1426875,6PHGC4HV+R3,082-763711,,68,"Batu 1 ½,  Jalan Bau-Lundu,
Bau, Sarawak,
94000 Bau,
Sarawak",Bau,Sarawak,,"Batu 1 1/2, Jalan Bau-Lundu, Bau, Kuching, 94000, Bau, Sarawak"
Hospital Beaufort,5.351437499999999,115.7409375,6PQQ9P2R+H9,087-212333,http://hbeaufort.moh.gov.my,184,"Peti Surat 40,
Beaufort, Sabah,
89807 Beaufort,
Sabah",Beaufort,Sabah,,"Hospital Beaufort, Peti Surat 40, Beaufort, 89807, Beaufort, Sabah"
Hospital Beluran,5.8934375,117.5554375,6PQVVHV4+95,089-511233/333,,46,"Karung Berkunci No : 02,
Beluran, Sabah,
90109 Beluran,
Sabah",Beluran,Sabah,,"Beg Berkunci 2, Beluran, 90109, Beluran, Sabah"
Hospital Bentong,3.5253125,101.9055625,6PM3GWG4+46,09-2223333,http://hspben.moh.gov.my/,152,"28700 Bentong,
Bentong, Pahang,
28700 Bentong,
Pahang",Bentong,Pahang,,"Jalan Padang, 28700 Bentong, Pahang"
Hospital Besut,5.7290625,102.4915625,6PQ4PFHR+JJ,09-6971130/09-6971200,,140,"Jalan Pasir Akar, Jerteh,
Besut, Terengganu,
22000 Besut,
Terengganu",Besut,Terengganu,,"Jerteh, Kampung Alor Keladi, Terengganu, 22000 Besut"
Hospital Betong,1.3739375,111.5738125,6PHH9HFF+HG,083-472821,,48,"Jalan Betong,
Betong, Sarawak,
95707 Betong,
Sarawak",Betong,Sarawak,,"Betong, 95700 Betong, Sarawak"
Hospital Bintulu,3.2296875,113.1010625,6PMM64H2+VC,086-255899,http://hbtu.moh.gov.my,284,"Jalan Nyabau,
Bintulu, Sarawak,
97000 Bintulu,
Sarawak",Bintulu,Sarawak,,"Jalan Bkt Nyabau, 97000 Bintulu, Sarawak"
Hospital Bukit Mertajam,5.3593125,100.4640625,6PQ29F57+PJ,04-5497333,http://jknpenang.moh.gov.my/hbm/,242,"Jalan Kulim, Bukit Mertajam,
Bukit Mertajam, Pulau Pinang,
14000 Bukit Mertajam,
Pulau Pinang",Bukit Mertajam,Pulau Pinang,,"Jalan Kulim, 14000 Bukit Mertajam, Pulau Pinang"
Hospital Changkat Melintang,4.312937499999999,100.9104375,6PP28W76+55,05-3761333,,50,"Lambor Kanan,Parit,
Bota, Perak,
32900 Bota,
Perak",Bota,Perak,,"Hospital Changkat Melintang Lambor Kanan,Parit Perak 32900, 32600 Bota, Perak"
Hospital Dalat,2.7451875,111.9460625,6PJHPWWW+3C,084-863213,,8,"Jalan Oya-Dalat,
Dalat, Sarawak,
96300 Dalat,
Sarawak",Dalat,Sarawak,,"Jalan Oya - Dalat, Pekan Dalat, 96300 Dalat, Sarawak"
Hospital Daro,2.5218125,111.4131875,6PJHGCC7+P7,084-823620,http://hdaro.moh.gov.my,46,"Jalan Itol,
Daro, Sarawak,
96200 Daro,
Sarawak",Daro,Sarawak,,"Jalan Itol Daro, Sarawak 96200 Daro Sarawak"
Hospital Duchess Of Kent,5.8585625,118.1034375,6PQWV453+C9,089-248 600                     Talian_Kecemasan:089-255 022,http://hdok.moh.gov.my,400,"KM 3.2, Jalan Utara,
Sandakan, Sabah,
90000 Sandakan,
Sabah",Sandakan,Sabah,,"KM 3.2, Jalan Utara, 90000 Sandakan, Sabah"
Hospital Dungun,4.751937499999999,103.4148125,6PP5QC27+QW,09-8483333,,100,"Hospital Dungun,
Dungun, Terengganu,
23000 Dungun,
Terengganu",Dungun,Terengganu,,"Jalan Paka, 23000 Kuala Dungun, Terengganu"
"Hospital Enche' Besar Hajjah Kalsom, Kluang",2.0080625,103.3470625,6PJ5285W+6R,07-7787000,,244,"KM 5, Jln Kota Tinggi,
86000 Kluang,
Johor",Kluang,Johor,,"Hospital Enche' Besar Hajjah Khalsom, Kluang KM 5, 91, 86000 Kluang, Johor"
Hospital Gerik,5.4290625,101.1279375,6PQ3C4HH+J5,05-7911333,http://hgerik.moh.gov.my,75,"Jalan Intan,
Grik, Perak,
33000 Grik,
Perak",Grik,Perak,,"Jalan Intan, Pekan Gerik, 33300 Gerik, Negeri Perak"
Hospital Gua Musang,4.8596875,101.9548125,6PP3VX53+VW,09-9121133,,34,"Bandar Baru,
Gua Musang, Kelantan,
18300 Gua Musang,
Kelantan",Gua Musang,Kelantan,,"Bandar Baru Gua Musang, 18300 Gua Musang, Kelantan"
Hospital Hulu Terengganu,5.0731875,103.0448125,6PQ532FV+7W,09-6813333/6813120,,119,"Batu 23, Jalan Kuala Berang,
Kuala Berang, Terengganu,
21700 Kuala Berang,
Terengganu",Kuala Berang,Terengganu,,"Batu 23, Jalan Kuala Berang, Kampung Batu 23, 21700 Kuala Berang, Terengganu"
Hospital Jasin,2.3049375,102.4284375,6PJ48C3H+X9,06-5294262,http://hjasin.moh.gov.my/,76,"77000 Jasin,
Jasin, Melaka,
77000 Jasin,
Melaka",Jasin,Melaka,,"Hospital Utama, 77000 Jasin, Melaka"
Hospital Jelebu,2.9503125,102.0590625,6PJ4X325+4J,06-6136355,,76,"71600 Jelebu,
Jelebu, Negeri Sembilan,
71600 Jelebu,
Negeri Sembilan",Jelebu,Negeri Sembilan,,"Taman Bukit Petaling, 71600 Kuala Klawang, Negeri Sembilan"
Hospital Jeli,5.701312499999999,101.8443125,6PQ3PR2V+GP,09-9440092,,24,"17600 Jeli,
Jeli, Kelantan,
17600 Jeli,
Kelantan",Jeli,Kelantan,,"Bandar Jeli, 17600 Jeli, Kelantan"
Hospital Jempol,2.9033125,102.4060625,6PJ4WC34+8C,06-4592000,,108,"Bandar Seri Jempol,
Bandar Seri Jempol, Negeri Sembilan,
72120 Bandar Seri Jempol,
Negeri Sembilan",Bandar Seri Jempol,Negeri Sembilan,,"Hospital Jempol, 72120 Bandar Seri Jempol, Negeri Sembilan"
Hospital Jengka,3.7731875,102.5516875,6PM4QHF2+7M,09-4662333,,70,"26400 Bandar Jengka,
Maran, Pahang,
26400 Maran,
Pahang",Maran,Pahang,,"Hospital Jengka, Bandar Jengka Maran, 26400 Bandar Tun Razak, Pahang"
Hospital Jerantut,3.9293125,102.3601875,6PM4W9H6+P3,09-2663333,http://hjerantut.moh.gov.my,77,"27000 Jerantut,
Jerantut, Pahang,
27000 Jerantut,
Pahang",Jerantut,Pahang,,"Taman Jaya, 27000 Jerantut, Pahang"
Hospital Jitra,6.2788125,100.4190625,6PR27CH9+GJ,04-9174333,http://hjitra.moh.gov.my,103,"Jalan Changlun, Jitra Kedah,
Jitra, Kedah,
06000 Jitra,
Kedah",Jitra,Kedah,,"Pekan Jitra, 06000 Jitra, Kedah"
Hospital Kajang,2.9928125,101.7928125,6PJ3XQVV+44,03-89133333,http://hkjg.moh.gov.my,306,"Jalan Semenyih,
Kajang, Selangor,
43000 Kajang,
Selangor",Kajang,Selangor,,"4, Jalan Semenyih, Bandar Kajang, 43000 Kajang, Selangor"
Hospital Kampar,4.3119375,101.1563125,6PP38564+QG,05-4653333,http://hkampar.moh.gov.my,90,"Jalan Hospital,
Kampar, Perak,
31500 Kampar,
Perak",Kampar,Perak,,"Jalan Hospital, Kampung Masjid, 31900 Kampar, Negeri Perak"
Hospital Kanowit,2.1028125,112.1523125,6PJJ4532+4W,084-752333,http://hkanowit.moh.gov.my,100,"Jalan Kanowit/ Durin,
Kanowit, Sarawak,
96700 Kanowit,
Sarawak",Kanowit,Sarawak,,"Jalan Kanowit / Durin, 96700 Kanowit, Sarawak"
Hospital Kapit,2.0138125,112.9426875,6PJJ2W7V+G3,084-796333,http://hkapit.moh.gov.my,134,"Jalan Memora,
Kapit, Sarawak,
96800 Kapit,
Sarawak",Kapit,Sarawak,,"Jalan Mamora, 96800 Kapit, Sarawak"
Hospital Kemaman,4.2319375,103.4203125,6PP56CJC+Q4,09-8513333,http://hkemaman.moh.gov.my,116,"Jalan Da' Omar, Cukai,
Kemaman, Terengganu,
24000 Kemaman,
Terengganu",Kemaman,Terengganu,,"Jalan Da' Omar, Cukai, 24000 Kemaman, Terengganu"
Hospital Keningau,5.3701875,116.1819375,6PQR95CJ+3Q,087-313000,http://hkgu.moh.gov.my,212,"Peti Surat 11,
Keningau, Sabah,
89007 Keningau,
Sabah",Keningau,Sabah,,"Peti Surat, 11, 89007 Keningau, Sabah"
Hospital Kepala Batas,5.5126875,100.4365625,6PQ2GC7P+3J,04-5793333,http:// jknpenang.moh.gov.my/hkb/,108,"Jalan Bertam, Kepala Batas,
Kepala Batas, Pulau Pinang,
13200 Kepala Batas,
Pulau Pinang",Kepala Batas,Pulau Pinang,,"Jalan Bertam 2, 13200 Kepala Batas, Pulau Pinang"
Hospital Kinabatangan,5.5849375,117.8504375,6PQVHVM2+X5,089-561858,http://hkbtgn.moh.gov.my,68,"W.D.T 200,
Kinabatangan, Sabah,
90020 Kinabatangan,
Sabah",Kinabatangan,Sabah,,"W.D.T 200 Kinabatangan,, 90200 Kinabatangan, Sabah"
Hospital Kota Belud,6.346187500000001,116.4261875,6PRR8CWG+FF,088-976333,http://hkotabelud.moh.gov.my,172,"Peti Surat 159,
Kota Belud, Sabah,
89158 Kota Belud,
Sabah",Kota Belud,Sabah,,"jalan hospital, 89158 Kota Belud, Sabah"
Hospital Kota Marudu,6.4573125,116.7760625,6PRRFQ4G+WC,088-661984,http://hkm.moh.gov.my,97,"Peti Surat 255,
Kota Marudu, Sabah,
89108 Kota Marudu,
Sabah",Kota Marudu,Sabah,,"Peti Surat 255, 89100 Kota Marudu, Sabah"
Hospital Kota Tinggi,1.7349375,103.8994375,6PH5PVMX+XQ,07-8831131/32,http://hkotatinggi.moh.gov.my,158,"Jalan Tun Habah,
Kota Tinggi, Johor,
81900 Kota Tinggi,
Johor",Kota Tinggi,Johor,,"Jalan Tun Habab, Pekan Kota Tinggi, 81900 Kota Tinggi, Johor"
Hospital Kuala Kangsar,4.7730625,100.9319375,6PP2QWFJ+6Q,05-7763333,,136,"Jalan Sultan Idris Shah 1,
Kuala Kangsar, Perak,
33000 Kuala Kangsar,
Perak",Kuala Kangsar,Perak,,"1648 Jalan Sultan Idris Shah, 1, Taman Mawar, 33000 Kuala Kangsar, Negeri Perak"
Hospital Kuala Kubu Bharu,3.5641875,101.6530625,6PM3HM73+M6,03-60641333,http://hkkb.moh.gov.my,120,"Jalan Hospital,
Kuala Kubu Bharu, Selangor,
44000 Kuala Kubu Bharu,
Selangor",Kuala Kubu Bharu,Selangor,,"Jalan Hospital, Pekan Kuala Kubu Bharu, 44000 Kuala Kubu Baru, Selangor"
Hospital Kuala Lipis,4.1825625,102.0555625,6PP453M4+26,09-3123333,,128,"27200 K.Lipis,
Kuala Lipis, Pahang,
27200 Kuala Lipis,
Pahang",Kuala Lipis,Pahang,,"27200 Kuala Lipis, Pahang"
Hospital Kuala Lumpur,3.1721875,101.6989375,6PM35MCX+VH,03-26155555,http://hkl.moh.gov.my/,2131,"Jalan Pahang,
Kuala Lumpur, WP Kuala Lumpur,
50586 Kuala Lumpur,
WP Kuala Lumpur",Kuala Lumpur,WP Kuala Lumpur,,"23, Jalan Pahang, 50586 Kuala Lumpur, Wilayah Persekutuan Kuala Lumpur"
Hospital Kuala Nerang,6.2526875,100.6098125,6PR27J35+3W,04-7867333,http://hknerang.moh.gov.my,72,"Kuala Nerang,
Kuala Nerang, Kedah,
06300 Kuala Nerang,
Kedah",Kuala Nerang,Kedah,,"Kuala Nerang, 06300 Kuala Nerang, Kedah"
Hospital Kuala Penyu,5.560312499999999,115.5855625,6PQQHH6P+46,087-853100,http://hspkpyu.moh.gov.my,48,"W.D.T. 35,
Kuala Penyu, Sabah,
89740 Kuala Penyu,
Sabah",Kuala Penyu,Sabah,,"89740 Kuala Penyu, Sabah"
Hospital Kudat,6.906687499999999,116.8379375,6PRRWR4Q+M5,088-613333,,180,"Peti Surat 22,
Kudat, Sabah,
89057 Kudat,
Sabah",Kudat,Sabah,,"Peti Surat 22, 89057 Kudat, Sabah"
Hospital Kulim,5.3931875,100.5730625,6PQ29HVF+76,04-4272733,http://hkulim.moh.gov.my/,281,"Jalan Mahang, Kulim,
Kulim, Kedah,
09000 Kulim,
Kedah",Kulim,Kedah,,"Lebuh Taman Perindustrian, Taman Kulim Hi-tech, 09090 Kulim, Kedah"
Hospital Kunak,4.6770625,118.2323125,6PPWM6GJ+RW,089-894100,http://hknk.moh.gov.my,48,"W.D.T. 150,
Kunak, Sabah,
91209 Kunak,
Sabah",Kunak,Sabah,,"W.D.T 150, Pekan Kunak, 91209 Kunak, Sabah"
Hospital Labuan,5.3111875,115.2300625,6PQQ866J+F2,087-423922/ 423919,,109,"Peti Surat 81006,
Labuan, WP Labuan,
87020 Labuan,
WP Labuan",Labuan,WP Labuan,,"Peti Surat 81006 Labuan, WP Labuan"
Hospital Lahad Datu,5.0266875,118.3136875,6PQW28G7+MF,089-895111,http://hldu.moh.gov.my,268,"Peti Surat 60065,
Lahad Datu, Sabah,
91110 Lahad Datu,
Sabah",Lahad Datu,Sabah,,"Jln Lahad Datu - Tawau, 91100 Lahad Datu, Sabah"
Hospital Langkawi,6.324812499999999,99.79843749999999,6MRX8QFX+W9,04-9665333,http://hlangkawi.moh.gov.my,110,"Bukit Tekuh,Jalan Padang Maksirat,
Langkawi, Kedah,
07000 Langkawi,
Kedah",Langkawi,Kedah,Name is different in maps and in moh table,"Jalan Bukit, 07000 Langkawi, Kedah"
Hospital Lawas,4.8544375,115.4045625,6PPQVC33+QR,085-283781,,46,"Jalan Hospital,
Lawas, Sarawak,
98850 Lawas,
Sarawak",Lawas,Sarawak,,"Jalan Hospital, 98850 Lawas, Sarawak"
Hospital Limbang,4.764312500000001,115.0190625,6PPQQ279+PJ,085-211200,http://hlimbang.moh.gov.my,100,"Jalan Pandaruan,
Limbang, Sarawak,
98700 Limbang,
Sarawak",Limbang,Sarawak,,"Jalan Pandaruan, 98700 Limbang, Sarawak"
Hospital Lundu,1.6755625,109.8528125,6PHFMVG3+64,082-735311,,46,"Jalan Sekambal,
Lundu, Sarawak,
94500 Lundu,
Sarawak",Lundu,Sarawak,,"94500 Lundu, Sarawak"
Hospital Machang,5.7631875,102.2258125,6PQ4Q67G+78,09-9741300/301,http://hmachang.moh.gov.my/,90,"Jalan Pasir Puteh,
Machang, Kelantan,
18500 Machang,
Kelantan",Machang,Kelantan,,"D18 Jalan Pasir Puteh, Kampung Bukit Tiu, 18500 Machang, Kelantan"
Hospital Marudi,4.1784375,114.3253125,6PPP58HG+94,085-755511,,54,"Jalan Pungor,
Marudi, Sarawak,
98050 Marudi,
Sarawak",Marudi,Sarawak,,"Hospital Marudi, Jalan Pungor, Marudi, 98050, Baram, Sarawak"
Hospital Melaka,2.2189375,102.2615625,6PJ46796+HJ,06-2892344,http://hmelaka.moh.gov.my/,1091,"Jalan Mufti Haji Khalil,
Melaka, Melaka,
75400 Melaka,
Melaka",Melaka,Melaka,,"Jalan Mufti Haji Khalil, 75400 Melaka"
Hospital Mersing,2.4294375,103.8453125,6PJ5CRHW+Q4,07-7993333,http://hmersing.moh.gov.my,55,"Jalan Ismail,
Mersing, Johor,
86800 Mersing,
Johor",Mersing,Johor,,"Jalan Ismail, Mersing Kechil, 86800 Mersing, Johor"
Hospital Mesra Bukit Padang,5.9504375,116.1053125,6PQRX424+54,088-240984,http://hmbp.moh.gov.my,270,"Peti Surat 11342,
Kota Kinabalu, Sabah,
88815 Kota Kinabalu,
Sabah",Kota Kinabalu,Sabah,,"PS 11342, Bukit Padang, Kota Kinabalu, Sabah, 88815 Kota Kinabalu"
Hospital Miri,4.3744375,113.9991875,6PPM9XFX+QM,085-420033,http://hmiri.moh.gov.my,333,"Jalan Cahaya,
Miri, Sarawak,
98000 Miri,
Sarawak",Miri,Sarawak,,"Jalan Cahaya, 98000 Miri, Sarawak"
Hospital Muadzam Shah,3.0538125,103.0909375,6PM5333R+G9,09-4523333,,49,"26700 Muadzam Shah,
Rompin, Pahang,
26700 Rompin,
Pahang",Rompin,Pahang,postcode is different,"Jalan Kemajuan, 26810 Muadzam Shah, Pahang"
Hospital Mukah,2.9008125,112.0763125,6PJJW32G+8G,084-871333,,80,"Jalan Haji Mohamed Pauzi,
Mukah, Sarawak,
96400 Mukah,
Sarawak",Mukah,Sarawak,,"Jln Hj Mohd Fauzi, 96400 Mukah, Sarawak"
Hospital Orang Asli,3.2919375,101.7309375,6PM37PRJ+Q9,,http://hoag.moh.gov.my/,93,"KM 24, Jalan Pahang Lama, 53100 Gombak, Selangor,
53100 Gombak,
Selangor",Gombak,Selangor,Name is different on Google Maps,"KM 24, Jalan Gombak, 53100 Kuala Lumpur, Wilayah Persekutuan Kuala Lumpur"
Hospital Pakar Sultanah Fatimah,2.0570625,102.5744375,6PJ43H4F+RQ,06-9521901,http://hpsf.moh.gov.my/v1/index.php/ms/,550,"Jalan Salleh,
Muar, Johor,
84000 Muar,
Johor",Muar,Johor,,"Jln Salleh, Taman Utama Satu, 84000 Muar, Johor"
Hospital Papar,5.726812499999999,115.9238125,6PQQPWGF+PG,088-913333,http://hpapar.moh.gov.my,77,"Peti Surat No. 6,,
Papar, Sabah,
89607 Papar,
Sabah",Papar,Sabah,Postcode is different,"Jalan New Hospital, Papar, 89600 Kota Kinabalu, Sabah"
Hospital Parit Buntar,5.1310625,100.4836875,6PQ24FJM+CF,05-7163333,http://hptar.moh.gov.my,100,"Jalan Sempadan,
Parit Buntar, Perak,
34200 Parit Buntar,
Perak",Parit Buntar,Perak,,"Jalan Sempadan, Kampung Permatang Tok Mamat, 34200 Parit Buntar, Negeri Perak"
Hospital Pasir Mas,6.0139375,102.1189375,6PR42479+HH,09-7932300,http://hmas.moh.gov.my/,120,"Jalan Meranti,
Pasir Mas, Kelantan,
17000 Pasir Mas,
Kelantan",Pasir Mas,Kelantan,,"Jalan Meranti Pasir Mas, Kelantan 17000 Pasir Mas Kelantan"
Hospital Pekan,3.5023125,103.3800625,6PM5G92J+W2,09-4223333,,110,"26600 Pekan,
Pekan, Pahang,
26600 Pekan,
Pahang",Pekan,Pahang,,"Jalan Batu Balik, Kampung Mengkasar, 26600 Pekan, Pahang"
Hospital Permai,1.5231875,103.7055625,6PH5GPF4+76,07-2373333,,1400,"Jalan Tampoi,
Johor Bahru, Johor,
81200 Johor Bahru,
Johor",Johor Bahru,Johor,,"Persiaran Kempas Baru, Kempas Banjaran, 81200 Johor Bahru, Johor"
Hospital Pitas,6.711937499999999,117.0296875,6PRVP26H+QV,088-676100,http://hpitas.moh.gov.my,48,"Peti Surat 88,
Pitas, Sabah,
89100 Pitas,
Sabah",Pitas,Sabah,,"Jalan Hospital, Pitas, 89100 Kota Marudu, Sabah"
Hospital Pontian,1.4984375,103.3851875,6PH5F9XP+93,07-6873333,,120,"Jalan Alsagoff,
Pontian, Johor,
82000 Pontian,
Johor",Pontian,Johor,,"Jln. Alsagoff, Kampung Dalam, 82000 Pontian, Johor"
Hospital Port Dickson,2.4776875,101.8550625,6PJ3FVH4+32,06-6487333,http://hpd.moh.gov.my/,94,"KM 11, Jalan Pantai,
Port Dickson, Negeri Sembilan,
71050 Port Dickson,
Negeri Sembilan",Port Dickson,Negeri Sembilan,,"KM 11,, Jalan Pantai, 71050 Port Dickson, Negeri Sembilan"
Hospital Pulau Pinang,5.4170625,100.3114375,6PQ2C886+RH,04-2225333,http://jknpenang.moh.gov.my/hpp/,1198,"Jalan Residensi,
Pulau Pinang, Pulau Pinang,
10990 Pulau Pinang,
Pulau Pinang",Pulau Pinang,Pulau Pinang,,"Jalan Residensi, 10990 George Town, Pulau Pinang"
Hospital Putrajaya,2.9290625,101.6741875,6PJ3WMHF+JM,03-83124200,http://hpj.moh.gov.my/,341,"Pusat Pentadbiran Kerajaan Persekutuan, presint 7,
Putrajaya, WP Putrajaya,
62250 Putrajaya,
WP Putrajaya",Putrajaya,WP Putrajaya,,"Jalan P9, Presint 7, 62250 Putrajaya, Wilayah Persekutuan Putrajaya"
Hospital Queen Elizabeth,5.9568125,116.0728125,6PQRX34F+P4,088-517555,http://qeh.moh.gov.my,775,"Karung Berkunci N0.2029,
Kota Kinabalu, Sabah,
88586 Kota Kinabalu,
Sabah",Kota Kinabalu,Sabah,,"13a, Jalan Penampang, 88200 Kota Kinabalu, Sabah"
Hospital Queen Elizabeth II,5.9664375,116.0938125,6PQRX38V+HG,088-245249,http://hqe2.moh.gov.my,291,"Lorong Bersatu, Jalan Damai Luyang, Kota Kinabalu,
Kota Kinabalu, Sabah,
88300 Kota Kinabalu,
Sabah",Kota Kinabalu,Sabah,,"Lorong Bersatu, Off, Jalan Damai, Luyang Commercial Centre, 88300 Kota Kinabalu, Sabah"
Hospital Raja Perempuan Zainab II,6.1253125,102.2456875,6PR446GW+47,09-7452000,http://hrpz2.moh.gov.my,937,"Jalan Hospital,
Kota Bharu, Kelantan,
15000 Kota Bharu,
Kelantan",Kota Bharu,Kelantan,postcode different,"15586, Jalan Hospital, Bandar Kota Bharu, 15200 Kota Bharu, Kelantan"
Hospital Raja Permaisuri Bainun,4.6023125,101.0965625,6PP3J32W+WJ,05-2533333,http://hrpb.moh.gov.my,990,"Jalan Hospital,
Ipoh, Perak,
30400 Ipoh,
Perak",Ipoh,Perak,,"Jalan Raja Ashman Shah, 30450 Ipoh, Negeri Perak"
Hospital Rajah Charles Brooke Memorial,1.3890625,110.3224375,6PHG98QC+JX,082-611123,,20,"Bt 13, Jalan Puncak Borneo, Kota Padawan,
Kuching, Sarawak,
93250 Kuching,
Sarawak",Kuching,Sarawak,,"Batu 13, Jalan Puncak Borneo, Kota Padawan, 93250, Kuching, Sarawak"
Hospital Ranau,5.9538125,116.6710625,6PQRXM3C+GC,088-875266,http://hranau.moh.gov.my,110,"Peti Surat 65,
Ranau, Sabah,
89300 Ranau,
Sabah",Ranau,Sabah,,"Peti Surat 65,, 89300 Ranau, Sabah"
Hospital Raub,3.809562499999999,101.8528125,6PM3RV53+R4,09-3553333,,89,"Jalan Tengku Abd Samad,
Raub, Pahang,
27600 Raub,
Pahang",Raub,Pahang,,"Jalan Tengku Abdul Samad, 27600 Raub, Pahang"
Hospital Rehabilitasi Cheras,3.1046875,101.7301875,6PM34P3J+V3,03-91453400,,156,"Jalan Yaacob Latif, Bandar Tun Razak Cheras 56000 Kuala Lumpur
WP Kuala Lumpur,
56000 Kuala Lumpur,
WP Kuala Lumpur",Kuala Lumpur,WP Kuala Lumpur,,"Jalan Yaacob Latif, Bandar Tun Razak, 56000 Cheras, Wilayah Persekutuan Kuala Lumpur"
Hospital Rompin,2.7960625,103.4960625,6PJ5QFWW+CC,09-4141305,,60,"Jalan Kg Kolam Kuala Rompin
26800 Rompin
Pahang,
26800 Rompin,
Pahang",Rompin,Pahang,,"Kampung Kolam, 26800 Kuala Rompin, Pahang"
Hospital Saratok,1.7474375,111.3398125,6PHHP8WQ+XW,083-436311,,106,"KM 1, Jalan Saratok,
Saratok, Sarawak,
95400 Saratok,
Sarawak",Saratok,Sarawak,,"Jalan Saratok, 95400 Saratok, Sarawak"
Hospital Sarikei,2.1319375,111.4920625,6PJH4FJR+QR,084-653333,http://hsarikei.moh.gov.my,212,"Jalan Rentap,
Sarikei, Sarawak,
96100 Sarikei,
Sarawak",Sarikei,Sarawak,,"Jalan Rentap, 96100 Sarikei, Sarawak"
Hospital Seberang Jaya,5.3951875,100.4066875,6PQ29CW4+3M,04-3827333,http://jknpenang.moh.gov.my/hsj/,314,"Jln Tun Hussein Onn, Perai,
Perai, Pulau Pinang,
13700 Perai,
Pulau Pinang",Perai,Pulau Pinang,,"Jalan Tun Hussein Onn, Seberang Jaya, 13700 Permatang Pauh, Pulau Pinang"
Hospital Segamat,2.4933125,102.8590625,6PJ4FVV5+8J,07-9433333,http://hsgm.moh.gov.my,314,"KM 6 Jalan Genuang,,
Segamat, Johor,
85000 Segamat,
Johor",Segamat,Johor,,"6, Jalan Genuang, Bandar Putra, 85000 Segamat, Johor"
Hospital Selama,5.213062499999999,100.6889375,6PQ26M7Q+6H,05-8394233,http://hselama.moh.gov.my,90,"Jalan Taiping,
Selama, Perak,
34100 Selama,
Perak",Selama,Perak,,"Jalan Taiping Selama, Perak 34100 Selama Perak"
Hospital Selayang,3.2431875,101.6468125,6PM36JVW+7P,03-61203233,http://hselayang.moh.gov.my,960,"Lebuhraya Selayang-Kepong,
Batu Caves, Selangor,
68100 Batu Caves,
Selangor",Batu Caves,Selangor,,"B21, Lebuhraya Selayang - Kepong, 68100 Batu Caves, Selangor"
Hospital Semporna,4.4828125,118.6044375,6PPWFJM3+4Q,089-781522,http://hspn.moh.gov.my,70,"Peti Surat 80,
Semporna, Sabah,
91307 Semporna,
Sabah",Semporna,Sabah,,"Pekan Semporna, 91308 Semporna, Sabah"
Hospital Sentosa,1.4629375,110.3298125,6PHGF87H+5W,082-612321,,338,"Batu 7, Jalan Penenrisen,
Kuching, Sarawak,
93250 Kuching,
Sarawak",Kuching,Sarawak,,"Batu 7, Jalan Penrissen, Kota Sentosa, 93250 Kuching, Sarawak"
Hospital Serdang,2.9761875,101.7201875,6PJ3XPGC+F3,03-89475555,http://hserdang.moh.gov.my,682,"Jalan Puchong,
Kajang, Selangor,
43000 Kajang,
Selangor",Kajang,Selangor,,"Jalan Puchong, 43000 Kajang, Selangor"
Hospital Seri Manjung,4.1858125,100.6623125,6PP25MP6+8W,05-689 6600,http://hsmanjung.moh.gov.my,305,"Seri Manjung,
32040 Seri Manjung,
Perak",Seri Manjung,Perak,,Seri Manjung 32040 Seri Manjung Perak
Hospital Serian,1.1763125,110.5635625,6PHG5HG7+GC,082-874311,,84,"94700 Serian,
Serian, Sarawak,
94700 Serian,
Sarawak",Serian,Sarawak,,"Bandar Serian, 94700 Serian, Sarawak"
Hospital Setiu,5.5144375,102.7693125,6PQ4GQ79+QP,09-6090333,http://hsetiu.moh.gov.my,76,"Bandar Permaisuri,
Setiu, Terengganu,
22100 Setiu,
Terengganu",Setiu,Terengganu,,"22100, Permaisuri, Terengganu, 22100"
Hospital Shah Alam,3.0709375,101.4900625,6PM33FCR+92,03-5526 3000,,299,"Hospital Shah Alam
Persiaran Kayangan, Seksyen 7
40000 Shah Alam
Selangor,
40000 Shah Alam,
Selangor",Shah Alam,Selangor,,"Persiaran Kayangan, Seksyen 7, 40000 Shah Alam, Selangor"
Hospital Sibu,2.2964375,111.8919375,6PJH7VWR+HQ,084-343333,http://hsibu.moh.gov.my,555,"Batu 5 ½,  Jalan Ulu Oya,
Sibu, Sarawak,
96000 Sibu,
Sarawak",Sibu,Sarawak,,"KM 5 1/2, Jalan Ulu Oya, 96000 Sibu, Sarawak"
Hospital Sik,5.811062499999999,100.7285625,6PQ2RP6H+CC,04-4695333,http://hsik.moh.gov.my/,93,"08200 Sik,
Sik, Kedah,
08200 Sik,
Kedah",Sik,Kedah,,"Pekan Sik, 08220 Sik, Kedah"
Hospital Simunjan,1.3700625,110.7863125,6PHG9QCP+2G,082-803984,,42,"Jalan Gunung Ngeli,
Simunjan, Sarawak,
94800 Simunjan,
Sarawak",Simunjan,Sarawak,,"94800 Simunjan, Sarawak"
Hospital Sipitang,5.0964375,115.5629375,6PQQ3HW7+H5,087-822296,http://hsipitang.moh.gov.my,93,"Peti Surat 250,
Sipitang, Sabah,
89857 Sipitang,
Sabah",Sipitang,Sabah,,"Kilometer 2 Jalan Sipitang - Beaufort, Peti Surat 250, 89857 Sipitang, Sabah"
Hospital Slim River,3.8371875,101.4041875,6PM3RCP3+VM,05-4508000,http://hsr.moh.gov.my,140,"35800 Slim River,
Perak",Slim River,Perak,,"35800 Slim River, Perak"
Hospital Sri Aman,1.2344375,111.4629375,6PHH6FM7+Q5,083-322151,http://hsa.moh.gov.my,96,"Jalan Hospital,
Sri Aman, Sarawak,
95007 Sri Aman,
Sarawak",Sri Aman,Sarawak,,"Pekan Sri Aman, 95000 Sri Aman, Sarawak"
Hospital Sultan Abdul Halim,5.6695625,100.5174375,6PQ2MG98+RX,04-4457333,http://hsah.moh.gov.my/,628,"Jalan Lencongan Timur Bandar Amanjaya, Sungai Petani,
Sungai Petani, Kedah,
08000 Sungai Petani,
Kedah",Sungai Petani,Kedah,,"Jalan Lencongan Timur, Bandar Amanjaya, 08000 Sungai Petani, Kedah"
Hospital Sultan Hj Ahmad Shah,3.4531875,102.4531875,6PM4FF33+77,09-2955333,http://hoshas.moh.gov.my,500,"Jalan Maran,
Temerloh, Pahang,
28000 Temerloh,
Pahang",Temerloh,Pahang,,"Jalan Maran, 28000 Temerloh, Pahang Darul Makmur"
Hospital Sultan Ismail,1.5466875,103.7909375,6PH5GQWR+M9,07-3565000,http://hsi.moh.gov.my,704,"Jalan Persiaran Mutiara Emas Utama, Taman Miount Austin,
Johor Bahru, Johor,
81100 Johor Bahru,
Johor",Johor Bahru,Johor,,"Jalan Mutiara Emas Utama, Taman Mount Austin, 81100 Johor Bahru, Johor"
Hospital Sultan Ismail Petra,5.4973125,102.2245625,6PQ4F6WF+WR,09-09611666,http://hsip.moh.gov.my/,150,"KM 6, Jalan Kuala Krai - Gua Musang,
18000 Kuala Krai,
Kelantan",Kuala Krai,Kelantan,,"18000 Kuala Krai, Kelantan"
Hospital Sultanah Aminah,1.4574375,103.7466875,6PH5FP4W+XM,07-2231666,http://hsajb.moh.gov.my,1206,"Johor Bahru,
Johor Bahru, Johor,
80100 Johor Bahru,
Johor",Johor Bahru,Johor,,"80000 Johor Bahru, Johor"
Hospital Sultanah Bahiyah,6.1485625,100.4063125,6PR24CX4+CG,04-7406233,http://hsbas.moh.gov.my/,1084,"KM 6, Jln Langgar, Alor Setar,
Alor Setar, Kedah,
05460 Alor Setar,
Kedah",Alor Setar,Kedah,,"Km 6, Jalan Langgar, Bandar Alor Setar, 05460 Alor Setar, Kedah"
Hospital Sultanah Hajjah Kalsom,4.4668125,101.3911875,6PP3F98R+PF,05-4913333,,28,"Tanah Rata,,
Cameron Highlands, Pahang,
39000 Cameron Highlands,
Pahang",Cameron Highlands,Pahang,,"Tanah Rata, 39000 Tanah Rata, Pahang"
Hospital Sultanah Nora Ismail,1.8369375,102.9408125,6PH4RWPR+Q8,07-4363000,http://hsni.moh.gov.my,516,"Jalan Korma,83000 Batu Pahat,
Batu Pahat, Johor,
83000 Batu Pahat,
Johor",Batu Pahat,Johor,,"Jalan Korma, Taman Soga, 83000 Batu Pahat, Johor"
Hospital Sultanah Nur Zahirah,5.325187500000001,103.1519375,6PQ585G2+3Q,09-6212121,http://hsnzkt.moh.gov.my,1060,"Jalan Sultan Mahmud, Kuala Terengganu,
Kuala Terengganu, Terengganu,
20400 Kuala Terengganu,
Terengganu",Kuala Terengganu,Terengganu,,"Hospital Sultanah Nur Zahirah, 20400 Kuala Terengganu, Terengganu"
Hospital Sungai Bakap,5.219562499999999,100.4980625,6PQ26F9X+R6,04-5824333,http://jknpenang.moh.gov.my/hsb/,105,"Sungai Jawi, Seberang Perai Selatan,
Sungai Jawi, Pulau Pinang,
14200 Sungai Jawi,
Pulau Pinang",Sungai Jawi,Pulau Pinang,,"Jalan Besar Sungai Bakap, Sungai Bakap, 14200 Sungai Jawi, Pulau Pinang"
Hospital Sungai Buloh,3.2195625,101.5830625,6PM36H9M+R6,03-61454333,http://hsgbuloh.moh.gov.my,620,"Jalan Hospital,
Sungai Buluh, Selangor,
47000 Sungai Buluh,
Selangor",Sungai Buluh,Selangor,,"Jalan Hospital, 47000 Sungai Buloh, Selangor"
Hospital Sungai Siput,4.8279375,101.0570625,6PP3R3H4+5R,05-5983333,http://hsgsiput.moh.gov.my,93,"Jalan Felda Lasah,
Sungai Siput, Perak,
31100 Sungai Siput,
Perak",Sungai Siput,Perak,,"Jalan Felda Lasah, 31100 Sungai Siput, Negeri Perak"
Hospital Taiping,4.849937499999999,100.7364375,6PP2RPXP+XH,05-8204000,http://htaiping.moh.gov.my,608,"Jalan Taming Sari,
Taiping, Perak,
34000 Taiping,
Perak",Taiping,Perak,,"Jalan Taming Sari, 34000 Taiping, Negeri Perak"
Hospital Tambunan,5.6825625,116.3710625,6PQRM9MC+2C,087-774333,http://htbn.moh.gov.my,49,"Peti Surat 10,
Tambunan, Sabah,
89657 Tambunan,
Sabah",Tambunan,Sabah,,"Peti Surat 10, Tambunan, 89657, Tambunan, Sabah"
Hospital Tampin,2.4848125,102.2336875,6PJ4F6MM+WF,06-4411511,http://htampin.moh.gov.my/,85,"Jalan Haji Ahmad Zainuddin, Tampin,
Tampin, Negeri Sembilan,
73009 Tampin,
Negeri Sembilan",Tampin,Negeri Sembilan,,"Jln Tampin-Gemas, Kampung Keru Tengah, 73000 Tampin, Negeri Sembilan"
Hospital Tanah Merah,5.8099375,102.1523125,6PQ4R552+XW,09-9545000,http://hmerah.moh.gov.my/,120,"17500 Tanah Merah,
Tanah Merah, Kelantan,
17500 Tanah Merah,
Kelantan",Tanah Merah,Kelantan,,"17500 Tanah Merah, Kelantan"
Hospital Tangkak,2.2720625,102.5468125,6PJ47GCW+RP,06-9782792,,69,"Jalan Hospital,  Tangkak Muar,
Tangkak, Johor,
84900 Tangkak,
Johor",Tangkak,Johor,,"Kampung Padang Lalang, 84900 Tangkak, Johor"
Hospital Tanjung Karang,3.4248125,101.1789375,6PM3C5FH+WH,03-32698333,,114,"Tanjung Karang,
Tanjung Karang, Selangor,
45500 Tanjung Karang,
Selangor",Tanjung Karang,Selangor,,"Pekan Tanjong Karang, 45500 Tanjung Karang, Selangor"
Hospital Tapah,4.201812500000001,101.2595625,6PP36725+PR,05-4011333,http://htapah.moh.gov.my,100,"Jalan Temoh,
Tapah, Perak,
35000 Tapah,
Perak",Tapah,Perak,,"Jalan Temoh, 35000 Tapah, Perak"
Hospital Tawau,4.249687499999999,117.8806875,6PPV6VXJ+V7,089-773533,http://htwu.moh.gov.my,401,"Peti Surat 80,
Tawau, Sabah,
91007 Tawau,
Sabah",Tawau,Sabah,,"67, Peti Surat, 91007 Tawau, Sabah"
Hospital Teluk Intan,4.0045625,101.0403125,6PP3223R+R4,05-6213333,http://htintan.moh.gov.my,548,"Jalan Changkat Jong,
Teluk Intan, Perak,
36000 Teluk Intan,
Perak",Teluk Intan,Perak,,"Jalan Changkat Jong, 36000 Teluk Intan, Negeri Perak"
Hospital Temenggong Seri Maharaja Tun Ibrahim,1.6396875,103.6238125,6PH5JJQF+VG,07-6623333,,93,"Hospital Temenggong Seri Maharaja Tun Ibrahim, 81000 Kulai,
Kulaijaya, Johor,
81000 Kulaijaya,
Johor",Kulaijaya,Johor,,"Senai Highway, 81000 Kulai, Johor"
Hospital Tengku Ampuan Afzan,3.800437499999999,103.3215625,6PM5R82C+5J,09-5133333,http://htaa.moh.gov.my/,793,"Jalan Air Putih,
Kuantan, Pahang,
25100 Kuantan,
Pahang",Kuantan,Pahang,,"Jalan Tanah Putih, 25100 Kuantan, Pahang"
Hospital Tengku Ampuan Jemaah,3.7613125,100.9898125,6PM2QX6Q+GW,03-32163333,http://htaj.moh.gov.my,93,"45200 Sabak Bernam,
Sabak Bernam, Selangor,
45200 Sabak Bernam,
Selangor",Sabak Bernam,Selangor,,"Jalan Hospital, 45200 Sabak, Selangor"
Hospital Tengku Ampuan Rahimah,3.0199375,101.4404375,6PM32C9R+X5,03 3375 7000,http://htar.moh.gov.my,1154,"Jalan Langat,41200 Klang,
Klang, Selangor,
41200 Klang,
Selangor",Klang,Selangor,,"Jalan Langat, 41200 Klang, Selangor"
Hospital Tengku Anis,5.8329375,102.3878125,6PQ4R9MQ+54,09-7843333,,75,"Jalan Pasir Puteh,
Pasir Puteh, Kelantan,
16800 Pasir Puteh,
Kelantan",Pasir Puteh,Kelantan,,"Jalan Pasir Puteh - Tok Bali, Kota Bharu, 16800 Pasir Puteh, Kelantan"
Hospital Tenom,5.123187499999999,115.9413125,6PQQ4WFR+7G,087-735577,http://htenom.moh.gov.my,70,"Peti surat 97,
Tenom, Sabah,
89907 Tenom,
Sabah",Tenom,Sabah,,"Hospital Tenom, Peti Surat 97, Tenom, 89907, Tenom, Sabah"
Hospital Tuanku Ampuan Najihah,2.7348125,102.2330625,6PJ4P6MM+W6,06-4818001,http://htan.moh.gov.my,314,"KM 3 Jalan Melang,
Kuala Pilah, Negeri Sembilan,
72000 Kuala Pilah,
Negeri Sembilan",Kuala Pilah,Negeri Sembilan,,"KM 3, Jalan Melang, Kampung Gemelang, 72000 Kuala Pilah, Negeri Sembilan"
Hospital Tuanku Fauziah,6.441062500000001,100.1913125,6PR2C5RR+CG,04-9738000,http://htf.moh.gov.my,476,"Jalan Kolam, 01000 Kangar,
Kangar, Perlis,
01000 Kangar,
Perlis",Kangar,Perlis,,"3, Jalan Tun Abdul Razak, Pusat Bandar Kangar, 01000 Kangar, Perlis"
Hospital Tuanku Ja'afar Seremban,2.7090625,101.9435625,6PJ3PW5V+JC,06-7623333,http://htjs.moh.gov.my/,850,"Jalan Rasah,
Seremban, Negeri Sembilan,
70300 Seremban,
Negeri Sembilan",Seremban,Negeri Sembilan,,"Jalan Rasah, Bukit Rasah, 70300 Seremban, Negeri Sembilan"
Hospital Tuaran,6.1439375,116.2190625,6PRR46V9+HJ,088-788317,http://htuaran.moh.gov.my,0,"Peti surat 996, 89207 Tuaran Sabah,
Tuaran, Sabah,
89207 Tuaran,
Sabah",Tuaran,Sabah,,"Jalan hospital Tuaran Tuaran, 89200 Kota Kinabalu, Sabah"
Hospital Tumpat,6.1896875,102.1573125,6PR455Q4+VW,09-7263000,http://htumpat.moh.gov.my/,119,"Jalan Kelaburan,
Tumpat, Kelantan,
62000 Tumpat,
Kelantan",Tumpat,Kelantan,Google maps address seems wrong,"Jalan Kelaburan, 16200 Tumpat, Kelantan"
Hospital Tunku Azizah (Wanita Dan Kanak-Kanak),3.1698125,101.7028125,6PM35P93+W4,,,0,"Jalan Raja Muda Abdul Aziz,
Kampung Baru,
50300 Kuala Lumpur,
WP Kuala Lumpur",Kuala Lumpur,WP Kuala Lumpur,"Was originally Hospital Wanita dan Kanak-Kanak Kuala Lumpur, and still is on google maps. Another (private) hospital named Rampai Puteri was originally called Tunku Azizah Hospital!!! And renamed in 2016.
This hospital is actually part of HKL's complex of hospitals, which is why the address is weird and doesn't match on google maps vs official.
https://www.thestar.com.my/news/nation/2020/01/21/women-and-kids-centre-renamed-tunku-azizah-hospital","Jalan Dr Latif, Titiwangsa, 50586 Kuala Lumpur, Wilayah Persekutuan Kuala Lumpur"
Hospital Umum Kuching,1.5436875,110.3396875,6PHGG8VQ+FV,082-276666,http://hus.moh.gov.my,765,"Jalan Tun Ahmad Zaidi Adruce,
Kuching, Sarawak,
93586 Kuching,
Sarawak",Kuching,Sarawak,,"Jalan Hospital, 93586 Kuching, Sarawak"
Hospital Wanita dan Kanak-Kanak Sabah,6.013812499999999,116.1194375,6PRR2479+GQ,088-522600,http://hwkks.moh.gov.my,504,"Karung Berkunci 187,
Kota Kinabalu, Sabah,
88996 Kota Kinabalu,
Sabah",Kota Kinabalu,Sabah,,"187, Sabah Karung Berkunci, 88996 Kota Kinabalu, Sabah"
Hospital Yan,5.8210625,100.3843125,6PQ2R9CM+CP,04-4655333,http://hyan.moh.gov.my/,89,"Batu 25 Jalan Yan,
Yan, Kedah,
06900 Yan,
Kedah",Yan,Kedah,,"Kampung Sungai Udang, 06900 Yan, Kedah"
Institut Kanser Negara,2.9269375,101.6739375,6PJ3WMGF+QH,03-88925555,,252,"No 4, Jalan P7, Presint 7
62250 Putrajaya
WP Putrajaya,
62250 Putrajaya,
WP Putrajaya",Putrajaya  ,WP Putrajaya,,"4, Jalan P7, Presint 7, 62250 Putrajaya, Wilayah Persekutuan Putrajaya"
Institut Perubatan Respiratori,3.1756875,101.6996875,6PM35MGX+7V,03-40232966,,118,"Jalan Pahang,
Kuala Lumpur, WP Kuala Lumpur,
53000 Kuala Lumpur,
WP Kuala Lumpur",Kuala Lumpur,WP Kuala Lumpur,,"Jalan Pahang, Pekeliling, 53000 Kuala Lumpur, Wilayah Persekutuan Kuala Lumpur"
Pusat Jantung Sarawak,1.4809375,110.4190625,6PHGFCJ9+9J,082-668111,,112,"Jalan Expressway Kota Samarahan
94300 Samarahan
Sarawak,
94300 Samarahan,
Sarawak",Samarahan,Sarawak,,"Kuching - Samarahan Expressway, 94300 Kota Samarahan, Sarawak"
Pusat Kawalan Kusta Negara,3.2216875,101.5836875,6PM36HCM+MF,03-61561321,,110,"Sungai Buluh,
Sungai Buluh, Selangor,
47000 Sungai Buluh,
Selangor",Sungai Buluh,Selangor,,"Jalan Hospital, 47000 Sungai Buloh, Selangor"